{
 "namespace": "play",
 "play_screen@common.base_screen": {
  "$screen_bg_content": "GambarVedaRTX.RTX",
  "$screen_content": "play.play_screen_content",
  "$world_picker_screen": false,
  "button_mappings": [
   {
    "from_button_id": "button.menu_cancel",
    "mapping_type": "global",
    "to_button_id": "button.menu_exit"
   },
   {
    "from_button_id": "button.menu_tab_left",
    "mapping_type": "global",
    "scope": "view",
    "to_button_id": "button.menu_tab_left"
   },
   {
    "from_button_id": "button.menu_tab_right",
    "mapping_type": "global",
    "scope": "view",
    "to_button_id": "button.menu_tab_right"
   }
  ]
 }
}