{
  "format_version": "1.10.0",
  "minecraft:client_entity": {
    "description": {
      "identifier": "minecraft:squid",
      "materials": {
        "default": "entity_emissive_alpha"
      },
      "textures": {
        "default": "textures/entity/squid"
      },
      "geometry": {
        "default": "geometry.squid"
      },
      "animations": {
        "move": "animation.squid.move",
        "squid_rotate": "animation.squid.rotate"
      },
      "scripts": {
        "animate": [
          "move",
          "squid_rotate"
        ]
      },
      "render_controllers": [ "controller.render.squid" ],
      "spawn_egg": {
        "texture": "spawn_egg",
        "texture_index": 15
      }
    }
  }
}