{
 "format_version": "1.19.0",
 "animation_controllers": {
  "controller.animation.villager_v2.sleep": {
   "initial_state": "default",
   "states": {
    "default": {
     "transitions": [
      {
       "amimir": "q.is_sleeping  && q.anim_time>0"
      }
     ]
    },
    "bangun_mang": {
     "sound_effects": [
      {
       "effect": "villager_wakeup"
      }
     ],
     "transitions": [
      {
       "amimir": "q.is_sleeping"
      }
     ]
    },
    "amimir": {
     "sound_effects": [
      {
       "effect": "villager_sleep"
      }
     ],
     "transitions": [
      {
       "bangun_mang": "!q.is_sleeping"
      }
     ]
    }
   }
  }
 }
}