{
	"format_version" : "1.10.0",
	"animation_controllers" : {
		"controller.animation.creeper.nyengir" : {
			"initial_state": "default",
   "states": {
    "default": {
     "transitions": [
      {
       "hwehe": "q.swell_amount  && q.anim_time>0"
      }
     ]
    },
    "aku_nak_meletup": {
     "sound_effects": [
      {
       "effect": "hwehehehe"
      }
    ],
     "transitions": [
      {
       "hwehe": "q.swell_amount"
      }
     ]
    }
   }
  } 
 } 
}
