{
 "format_version": "1.10.0",
 "animation_controllers": {
  "controller.animation.player.loncat": {
   "initial_state": "default",
   "states": {
    "default": {
     "transitions": [
      {
       "loncat": "q.is_jumping  && q.is_on_ground<1  && q.anim_time>0"
      }
     ]
    },
    "jatuh": {
     "transitions": [
      {
       "loncat": "q.is_jumping && !q.is_on_ground"
      }
     ]
    },
    "loncat": {
     "sound_effects": [
      {
       "effect": "orangnya_loncat"
      }
     ],
     "transitions": [
      {
       "jatuh": "!q.is_jumping && q.is_on_ground"
      }
     ]
    }
   }
  },
  "controller.animation.player.pegang": {
   "initial_state": "awal",
   "states": {
    "awal": {
     "transitions": [
      {
       "Bawa": "query.is_item_equipped"
      }
     ]
    },
    "Bawa": {
     "sound_effects": [
      {
       "effect": "bawa_item"
      }
     ],
     "transitions": [
      {
       "Ganti": "!query.is_item_equipped"
      }
     ]
    },
    "Ganti": {
     "sound_effects": [
      {
       "effect": "ganti_item"
      }
     ],
     "transitions": [
      {
       "Bawa": "query.is_item_equipped"
      }
     ]
    }
   }
  },
  "controller.animation.player.prot": {
   "initial_state": "default",
   "states": {
    "default": {
     "transitions": [
      {
       "prot": "q.is_sneaking  && q.anim_time>0"
      }
     ]
    },
    "prot": {
     "sound_effects": [
      {
       "effect": "steve_prot"
      }
     ],
     "transitions": [
      {
       "tegak": "!q.is_sneaking"
      }
     ]
    },
    "tegak": {
     "sound_effects": [
      {
       "effect": "steve_tegak"
      }
     ],
     "transitions": [
      {
       "prot": "q.is_sneaking"
      }
     ]
    }
   }
  },
  "controller.animation.player.turu": {
   "initial_state": "asal",
   "states": {
    "asal": {
     "transitions": [
      {
       "turu": "q.is_sleeping  && q.anim_time>0"
      }
     ]
    },
    "bangun": {
     "sound_effects": [
      {
       "effect": "player_bangun"
      }
     ],
     "transitions": [
      {
       "turu": "q.is_sleeping"
      }
     ]
    },
    "turu": {
     "sound_effects": [
      {
       "effect": "player_turu"
      }
     ],
     "transitions": [
      {
       "bangun": "!q.is_sleeping"
      }
     ]
    }
   }
  }
 }
}