{
 "debug_global_screen_panel": {
  "clips_children": false,
  "controls": [
   {
    "pack_info@debug_screen.pack_info": {}
   }
  ],
  "size": [
   "100%",
   "100%"
  ],
  "type": "panel"
 },
 "debug_screen@common.base_screen": {
  "$screen_animations": [],
  "$screen_content": "debug_screen.debug_global_screen_panel",
  "$use_loading_bars": false,
  "always_accepts_input": true,
  "is_modal": true,
  "is_showing_menu": false,
  "low_frequency_rendering": true,
  "render_game_behind": false,
  "render_only_when_topmost": false,
  "screen_draws_last": true,
  "screen_not_flushable": true,
  "send_telemetry": false,
  "should_steal_mouse": false
 },
 "namespace": "debug_screen",
 "pack_info": {
  "alpha": 1,
  "anchor_from": "bottom_right",
  "anchor_to": "bottom_right",
  "color": [
   1,
   1,
   1
  ],
  "font_size": "small",
  "font_type": "MinecraftTen",
  "shadow": true,
  "text": "§l§aSMOOTH§4SURVIVAL§bSERVER§r§eS6\n§l§cVEDA_PACK§rV1.5.7-beta",
  "type": "label"
 }
}