{
  "player_permission_button_content": {
    "type": "panel",
    "size": [ 15, 15 ],
    "controls": [
      {
        "permission_icon_image": {
          "type": "image",
          "texture": "#player_permission_level_icon_texture",
          "size": [ 25, 25 ],
          "bindings": [
            {
              "binding_name": "#player_permission_level_icon_texture",
              "binding_name_override": "#texture",
              "binding_type": "collection",
              "binding_collection_name": "players_collection"
            }
          ]
        }
      }
    ]
  }
}