{
  "format_version": "1.8.0",
  "render_controllers": {
    "controller.render.villager_v2_emissive": { // Emissive Part
      "geometry": "Geometry.villager_v2_emissive",
      "materials": [ { "*": "Material.emissive" } ],
      "textures": [
        "Texture.mata",
        "Texture.matasmk[variable.profession_index == 7]",
        "Texture.ilmuhitam[variable.profession_index == 6]",
        "Texture.antumbirahisamaanime[variable.profession_index == 10]",
        "Texture.chingchenghanji[variable.profession_index == 2]",
        "Texture.jubahglowing[variable.profession_index == 9]",
        "Texture.cabul_emissive[variable.profession_index == 15]"
      ],
      "ignore_lighting": true
    }
  }
}
