{
	"format_version": "1.10.0",
	"geometry.item.ambalabu": {
		"texturewidth": 64,
		"textureheight": 64,
		"visible_bounds_width": 6,
		"visible_bounds_height": 6.5,
		"visible_bounds_offset": [0, 2.75, 0],
		"bones": [
			{
				"name": "badan",
				"pivot": [2, 7, -5],
				"cubes": [
					{"origin": [-2, 6, -5], "size": [5, 12, 10], "uv": [0, 26]}
				]
			},
			{
				"name": "tangankiri",
				"parent": "badan",
				"pivot": [0, 18, -7],
				"cubes": [
					{"origin": [-2, 10, -9], "size": [4, 8, 4], "uv": [30, 26]}
				]
			},
			{
				"name": "tangankanan",
				"parent": "badan",
				"pivot": [0, 18, 7],
				"cubes": [
					{"origin": [-2, 10, 5], "size": [4, 8, 4], "uv": [30, 26]}
				]
			},
			{
				"name": "kepala",
				"parent": "badan",
				"pivot": [0, 18, 7],
				"cubes": [
					{"origin": [-2, 18, -7], "size": [5, 12, 14], "uv": [0, 0]}
				]
			},
			{
				"name": "muka",
				"parent": "kepala",
				"pivot": [2, 37, -30],
				"cubes": [
					{"origin": [2, 37, -30], "size": [0, 47, 64], "uv": [-64, -64]}
				]
			},
			{
				"name": "kupingkanan",
				"parent": "kepala",
				"pivot": [1, 30, -1],
				"cubes": [
					{"origin": [0, 30, -6], "size": [2, 7, 5], "uv": [38, 10]}
				]
			},
			{
				"name": "kupingkiri",
				"parent": "kepala",
				"pivot": [1, 30, 1],
				"cubes": [
					{"origin": [0, 30, 1], "size": [2, 7, 5], "uv": [38, 10]}
				]
			},
			{
				"name": "kakikanan",
				"parent": "badan",
				"pivot": [0, 6, 3],
				"cubes": [
					{"origin": [-2, 0, 1], "size": [4, 6, 4], "uv": [38, 0]}
				]
			},
			{
				"name": "kakikiri",
				"parent": "badan",
				"pivot": [0, 6, -3],
				"cubes": [
					{"origin": [-2, 0, -5], "size": [4, 6, 4], "uv": [38, 0]}
				]
			}
		]
	},
	"geometry.ambalabu.muka": {
		"texture_width": 64,
		"texture_height": 64,
		"visible_bounds_width": 4,
		"visible_bounds_height": 3.5,
		"visible_bounds_offset": [0, 1.25, 0],
		"bones": [
			{
				"name": "badan",
				"pivot": [2, 7, -5]
			},
			{
				"name": "kepala",
				"parent": "badan",
				"pivot": [0, 18, 7]
			},
			{
				"name": "muka",
				"parent": "kepala",
				"pivot": [2, 37, -30],
				"cubes": [
					{"origin": [2, 37, -30], "size": [0, 47, 64], "uv": [-64, -64]}
				]
			}
		]
	}
}