{
  "format_version": "1.8.0",
  "minecraft:client_entity": {
    "description": {
      "identifier": "minecraft:creeper",
      "materials": {
        "default": "entity_emissive",
        "charged": "charged_creeper"
      },
      "textures": {
        "default": "textures/entity/creeper/creeper",
        "charged": "textures/entity/creeper/creeper_armor"
      },
      "geometry": {
        "default": "geometry.creeper",
        "charged": "geometry.creeper.charged"
      },
      "animations": {
        "creeper_mulut": "animation.creeper.mulut"
      },
      "sound_effects": {
      "hwehehehe": "kriper.hehe",
      "kamu_gitu": "player.diinformasikan"
      },
      "animation_controllers": [
        { "creeper_head": "controller.animation.creeper.head" },
        { "creeper_legs": "controller.animation.creeper.legs" },
        { "creeper_nyengir": "controller.animation.creeper.nyengir" },
        { "creeper_swelling": "controller.animation.creeper.swelling" }
      ],
      "render_controllers": [ "controller.render.creeper", "controller.render.creeper_armor" ]
    }
  }
}