{
  "format_version": "1.8.0",
  "minecraft:client_entity": {
    "description": {
      "identifier": "minecraft:enderman",
      "materials": {
        "default": "enderman",
        "invisible": "enderman_invisible",
        "mata": "entity_alphatest"
      },
      "textures": {
        "default": "textures/entity/enderman/enderman",
        "kisama": "textures/entity/enderman/kisama"
      },
      "geometry": {
        "default": "geometry.enderman",
        "kisama": "geometry.enderman.trigger"
      },
      "scripts": {
        "pre_animation": [
          "variable.tcos0 = (Math.cos(query.modified_distance_moved * 38.17) * query.modified_move_speed / variable.gliding_speed_value) * 28.65;"
        ]
      },
      "animations": {
        "look_at_target_default": "animation.humanoid.look_at_target.default",
        "look_at_target_gliding": "animation.humanoid.look_at_target.gliding",
        "look_at_target_swimming": "animation.humanoid.look_at_target.swimming",
        "move": "animation.humanoid.move",
        "attack.rotations": "animation.humanoid.attack.rotations",
        "bob": "animation.humanoid.bob",
        "base_pose": "animation.enderman.base_pose_v1.0",
        "arms_legs": "animation.enderman.arms_legs",
        "carrying": "animation.enderman.carrying",
        "scary_face": "animation.enderman.scary_face_v1.0",
        "triggered": "animation.enderman.v1.8.trigger"
      },
      "animation_controllers": [
        {
          "triggered": "controller.animation.enderman.triggered"
        }
      ],
      "render_controllers": [
        "controller.render.enderman",
        "controller.render.endermarah"
      ]
    }
  }
}