{
  "format_version": "1.8.0",
  "minecraft:client_entity": {
    "description": {
      "identifier": "minecraft:enderman",
      "materials": {
        "default": "enderman",
        "invisible": "enderman_invisible",
        "mata": "entity_emissive"
      },
      "textures": {
        "default": "textures/entity/enderman/enderman",
        "kisama": "textures/entity/enderman/kisama"
      },
      "geometry": {
        "default": "geometry.enderman.v1.8",
        "kisama": "geometry.enderman.mata"
      },
      "render_controllers": [
        "controller.render.enderman",
        "controller.render.endermarah"
      ]
    }
  }
}