{
 "format_version": "1.8.0",
 "minecraft:client_entity": {
  "description": {
   "animation_controllers": [
    {
     "move": "controller.animation.iron_golem.move"
    },
    {
     "arm": "controller.animation.iron_golem.arm_movement"
    }
   ],
   "animations": {
    "attack": "animation.iron_golem.attack",
    "flower": "animation.iron_golem.flower",
    "look_at_target": "animation.common.look_at_target",
    "move": "animation.iron_golem.move",
    "walk": "animation.iron_golem.walk"
   },
   "geometry": {
    "default": "geometry.irongolem"
   },
   "identifier": "minecraft:iron_golem",
   "materials": {
    "default": "entity_emissive_alpha"
   },
   "render_controllers": [
    "controller.render.iron_golem"
   ],
   "textures": {
    "default": "textures/entity/iron_golem"
   }
  }
 }
}