{
  "format_version": "1.10.0",
  "minecraft:client_entity": {
    "description": {
      "identifier": "minecraft:sheep",
      "min_engine_version": "1.8.0",
      "materials": {"default": "sheep","mata": "entity_emissive_alpha"},
      "geometry": {
        "default": "geometry.sheep",
        "sheared": "geometry.sheep.sheared",
        "mata": "geometry.sheep.sheared.mata"
      },
      "particle_emitters": {
        "flame": "animation.blaze.flame"
      },
      "animations": {
        "setup": "animation.sheep.setup"
      },
      "textures": {
        "default": "textures/entity/sheep/sheep",
        "mata": "textures/entity/sheep/mata"
      },
      "scripts": {
        "animate": [
          "setup",
          "look_at_target",
          "move",
          {
            "baby_transform": "query.is_baby"
          }
        ]
      },
      "render_controllers": [
        "controller.render.sheep",
        "controller.render.sheep_mata"
      ]
    }
  }
}
