{
  "format_version": "1.10.0",
  "minecraft:client_entity": {
    "description": {
      "identifier": "minecraft:sheep",
      "min_engine_version": "1.8.0",
      "materials": {
        "default": "sheep",
        "mata": "entity_emissive_alpha"
      },
      "textures": {
        "default": "textures/entity/sheep/sheep",
        "mata": "textures/entity/sheep/mata"
      },
      "geometry": {
        "default": "geometry.sheep.v1.8",
        "sheared": "geometry.sheep.sheared.v1.8",
        "mata": "geometry.sheep.sheared_mata.v1.8"
      },
      "scripts": {
        "animate": [
          "setup",
          "look_at_target",
          "move",
          {
            "baby_transform": "query.is_baby"
          }
        ]
      },"animations": {
        "setup": "animation.sheep.setup"
      },
      "render_controllers": [
        "controller.render.sheep",
        "controller.render.sheep_mata"
      ],
      "spawn_egg": {
        "texture": "spawn_egg",
        "texture_index": 3
      }
    }
  }
}