{
  "format_version": "1.8.0",//MAKASIH ABANG @KIZUU <3
  "minecraft:client_entity": {
    "description": {
      "identifier": "minecraft:villager_v2",
      "materials": {
        "default": "villager_v2",
        "masked": "villager_v2_masked",
        "emissive": "entity_emissive_alpha" // Emissive Part
      },
      "textures": {
        "mata": "textures/entity/villager2/mata",
        "ching": "textures/entity/villager2/ching",    
        "mata2": "textures/entity/villager2/mata",
        "mata3": "textures/entity/villager2/mata",
        "mata4": "textures/entity/villager2/mata",
        "ilmu": "textures/entity/villager2/ilmuhitam",
        "matasmk": "textures/entity/villager2/matasmk",
        "jubahglowing": "textures/entity/villager2/jubahglowing",
        "mata5": "textures/entity/villager2/mata",
        "antum": "textures/entity/villager2/antum",
        "mata6": "textures/entity/villager2/mata",
        "mata7": "textures/entity/villager2/mata",
        "mata8": "textures/entity/villager2/mata",
        "mata9": "textures/entity/villager2/mata",
        "cabul": "textures/entity/villager2/hitam"
      },
      "geometry": {
        "default": "geometry.villager_v2",
        "villager_v2_emissive": "geometry.villager_v2_emissive" // Emissive Part
      },
      "render_controllers": [
        "controller.render.villager_v2_base",
        "controller.render.villager_v2_masked",
        "controller.render.villager_v2_emissive", // Emissive Part
        "controller.render.villager_v2_level"
        
      ]
    }
  }
}