{
 "fancy_progress_loading_bars": {
  "anchor_from": "bottom_middle",
  "anchor_to": "bottom_middle",
  "bindings": [
   {
    "binding_name": "#loading_bar_visible",
    "binding_name_override": "#visible"
   }
  ],
  "controls": [
   {
    "full_progress_bar_icon@achievement.full_progress_bar_icon_base": {
     "bindings": [
      {
       "binding_name": "#loading_bar_percentage",
       "binding_name_override": "#clip_ratio"
      }
     ],
     "layer": 2
    }
   },
   {
    "empty_progress_bar_icon@achievement.empty_progress_bar_icon": {
     "layer": 1
    }
   },
   {
    "progress_bar_nub@progress.progress_bar_nub": {
     "layer": 4,
     "size": [
      "100% - 10px",
      5
     ]
    }
   }
  ],
  "layer": 5,
  "offset": [
   0,
   50
  ],
  "size": [
   "90%",
   5
  ],
  "type": "panel"
 },
 "modal_progress_screen@progress_screen": {
  "$screen_bg_content": "KENA_RICKROLL.RICKROLLED",
  "$screen_content": "progress.modal_screen_content"
 },
 "namespace": "progress",
 "nether_loading_progress_screen@world_loading_progress_screen": {
  "$screen_bg_content": "NETHER_A.BG0",
  "$screen_content": "progress.world_convert_modal_progress_screen_content"
 },
 "overworld_loading_progress_screen@world_loading_progress_screen": {
  "$screen_bg_content": "DUNIA.BG0"
 },
 "progress_bar": {
  "bindings": [
   {
    "binding_name": "#loading_bar_visible",
    "binding_name_override": "#touch_progress_bar_visible"
   },
   {
    "binding_name": "#loading_bar_total_amount",
    "binding_name_override": "#progress_bar_total_amount"
   },
   {
    "binding_name": "#loading_bar_current_amount",
    "binding_name_override": "#progress_bar_current_amount"
   }
  ],
  "layer": 2,
  "offset": [
   0,
   50
  ],
  "primary_color": [
   0.5,
   1,
   0.5,
   1
  ],
  "renderer": "progress_bar_renderer",
  "size": [
   100,
   2
  ],
  "type": "custom"
 },
 "progress_screen_text": {
  "anchor_from": "center",
  "anchor_to": "center",
  "color": "$loading_text_color",
  "layer": 2,
  "shadow": true,
  "type": "label"
 },
 "theend_loading_progress_screen@world_loading_progress_screen": {
  "$screen_bg_content": "END_A.BB1",
  "$screen_content": "progress.world_convert_modal_progress_screen_content"
 },
 "world_convert_modal_progress_screen@progress.progress_screen": {
  "$screen_bg_content": "LOADING_A.UI1"
 },
 "world_loading_progress_screen@progress_screen": {
  "$screen_bg_content": "LOADING_A.UI1",
  "$screen_content": "progress.world_convert_modal_progress_screen_content"
 },
 "world_modal_progress_panel": {
  "controls": [
   {
    "base_content": {
     "anchor_from": "top_left",
     "anchor_to": "top_left",
     "controls": [
      {
       "progress_title_text@progress.progress_title_text": {
        "anchor_from": "bottom_middle",
        "anchor_to": "bottom_middle",
        "offset": [
         0,
         15
        ]
       }
      },
      {
       "progress_bar_text@progress.progress_bar_text": {
        "localize": false,
        "max_size": [
         "100% - 8px",
         40
        ],
        "offset": [
         0,
         -10
        ],
        "size": [
         "default",
         40
        ]
       }
      }
     ],
     "offset": [
      6,
      50
     ],
     "size": [
      "100%-12px",
      "100%-12px"
     ],
     "type": "panel"
    }
   },
   {
    "inside_content": {
     "anchor_from": "bottom_middle",
     "anchor_to": "bottom_middle",
     "controls": [
      {
       "loading_bar_panel": {
        "controls": [
         {
          "fancy_progress_loading_bars@progress.fancy_progress_loading_bars": {}
         },
         {
          "progress_loading_bars@progress.progress_loading_bars": {
           "offset": [
            0,
            100
           ]
          }
         }
        ],
        "offset": [
         0,
         100
        ],
        "size": [
         "100%",
         "100%"
        ],
        "type": "panel"
       }
      }
     ],
     "size": [
      "100%-12px",
      "100%"
     ],
     "type": "stack_panel"
    }
   }
  ],
  "size": "$world_modal_screen_size",
  "type": "panel",
  "variables": [
   {
    "$button_state_default_base": "common.button_state_default",
    "$button_state_hover_base": "common.button_state_hover",
    "$button_state_pressed_base": "common.button_state_pressed",
    "requires": "$desktop_screen"
   },
   {
    "$button_state_default_base": "common-classic.button_state_default",
    "$button_state_hover_base": "common-classic.button_state_hover",
    "$button_state_pressed_base": "common-classic.button_state_pressed",
    "requires": "$pocket_screen"
   }
  ]
 },
 "world_saving_progress_screen@progress_screen": {
  "$screen_bg_content": "ADIOS_A.BG1",
  "$screen_content": "progress.world_save_modal_progress_screen_content"
 }
}