{
	"format_version": "1.8.0",
	"animations": {
		"animation.player.swim": {
			"loop": true,
			"animation_length": 1.3,
			"override_previous_animation": true,
			"bones": {
				"leftArm": {
					"rotation": {
						"0.0": [0, 180, 180],
						"0.7": [0, 180, 287.2],
						"1.1": [90, 180, 180],
						"1.3": [0, 180, 180]
					}
				},
				"rightArm": {
					"rotation": {
						"0.0": [0, 180, -180],
						"0.7": [0, 180, -287.2],
						"1.1": [90, 180, -180],
						"1.3": [0, 180, -180]
					}
				},
				"root": {
					"rotation": ["variable.swim_amount * (90 + query.target_x_rotation)", 0, 0],
					"position": [
						0,
						"(math.sin(query.target_x_rotation) * 17.0 + 5.0) * variable.swim_amount",
						"(math.cos(query.target_x_rotation) * 17.0) * variable.swim_amount"
					]
				}
			},
			"sound_effects": {
				"0.0": {
					"effect": "player.diinformasikan"
				}
			}
		}
	}
}