{
  "format_version":"1.16.0",
  "minecraft:attachable":{
    "description":{
      "identifier":"minecraft:totem_of_undying",
      "materials":{"default":"entity_alphatest","muka":"entity_emissive_alpha"},
      "textures":{"default":"textures/ambalabu","muka":"textures/muka1"},
      "geometry":{"default":"geometry.item.ambalabu","muka":"geometry.item.ambalabu.muka"},
      "scripts":{
      "animate":[{"3rd":"!c.is_first_person && !q.is_name_any('§§')"},
      {"1st":"c.is_first_person"}]},
      "animations":{"3rd":"animation.ambalabu.ptp","1st":"animation.ambalabu.pov"},
      "render_controllers":[
	{"controller.render.ambalabu_ptp":"!c.is_first_person"},
	{"controller.render.ambalabu_pov":"c.is_first_person"},
  {"controller.render.ambalabu_muka_pov":"c.is_first_person"},
  {"controller.render.ambalabu_muka_ptp":"!c.is_first_person"}
      ]
    }
  }
}