{
  "format_version":"1.10.0",
  "minecraft:attachable":{
    "description":{
      "identifier":"minecraft:totem_of_undying",
      "materials":{"default":"entity_emissive_alpha"},
      "textures":{
	"default":"textures/ambalabu",
      "muka":"textures/muka"
      },
      "geometry":{
	"default":"geometry.item.ambalabu",
      "muka":"geometry.ambalabu.muka"
      },
      "scripts":{
	"initialize":[
	  "v.health = 0;",
	  "v.hurt = 0;"
	],
	"animate":[
	  {"ptp":"!c.is_first_person && !q.is_name_any('§§')"},
	  {"pov":"c.is_first_person"},
	  "controller_ambasing"
	]
      },
      "animations":{
	"ptp":"animation.ambalabu.ptp",
	"pov":"animation.ambalabu.pov",
	"controller_ambasing":"controller.animation.ambalabu.ambasing"
      },
      "render_controllers":[
	{"controller.render.ambalabu_ptp":"!c.is_first_person"},
	{"controller.render.ambalabu_pov":"c.is_first_person"},
      "controller.render.ambalabu_muka"
      ]
    }
  }
}
