{
	"format_version": "1.10.0",
	"minecraft:attachable": {
		"description": {
			"identifier": "minecraft:iron_sword",
			"render_controllers": ["controller.render.item_default"],
			"materials": {
				"default": "entity_emissive_alpha",
				"enchanted": "entity_alphatest_glint"
			},
			"textures": {
				"default": "textures/entity/attachable/PEDANG_HALILINTAR_V2.0.png",
				"enchanted": "textures/misc/enchanted_item_glint"
			},
			"geometry": {
				"default": "geometry.pedang_halilintar"
			},
			"animations": {
				"first_person_hold": "animation.pedang_halilintar.pegangpov",
				"third_person_hold": "animation.pedang_halilintar.pegang3rd"
			},
			"scripts": {
				"animate": [
					{
						"first_person_hold": "c.is_first_person"
					},
					{
						"third_person_hold": "!c.is_first_person"
					}
				]
			}
		}
	}
}