{
	"format_version": "1.16.100",
	"minecraft:fog_settings": {
	"description": {
	"identifier": "kabut:cherry"
	 },
	 "distance": {
		"air": {
		"fog_start": 0.92,
			"fog_end": 1,
				"fog_color": "#eb67ab",
				"render_distance_type": "render"
				}
				},
				"volumetric": {
					"density": {
				"water": {
					"max_density": 0.25,
					"uniform": true
				},
				"air": {
					"max_density": 0.1,
					"zero_density_height": 150.0,
					"max_density_height": 50.0
				}
				},
				"media_coefficients": {
				"water": {
					"scattering": [0.018, 0.02, 0.027],
					"absorption": [0.2, 0.078, 0.083]
				},
				"air": {
					"scattering": [1, 1, 1],
					"absorption": [0.0, 0.0, 0.0]
				}
			}
		}
	}
}