{
 "format_version": "1.16.100",
 "minecraft:fog_settings": {
  "description": {
   "identifier": "kabut:cherry"
  },
  "distance": {
   "air": {
    "fog_start": 0,
    "fog_end": 1000,
    "render_distance_type": "fixed",
    "fog_color": "#eb67ab"
   },
   "water": {
    "fog_start": 0,
    "fog_end": 60,
    "fog_color": "#5db7ef",
    "render_distance_type": "fixed",
    "transition_fog": {
     "init_fog": {
      "fog_start": 0,
      "fog_end": 0.01,
      "fog_color": "#5db7ef",
      "render_distance_type": "fixed"
     },
     "min_percent": 0.25,
     "mid_seconds": 5,
     "mid_percent": 0.6,
     "max_seconds": 30
    }
   }
  }
 }
}