[
 {
  "atlas_tile": "fire_0",
  "flipbook_texture": "textures/blocks/fire_0",
  "frames": [
   0,
   1
  ],
  "ticks_per_frame": 4
 },
 {
  "atlas_tile": "fire_1",
  "flipbook_texture": "textures/blocks/fire_1",
  "frames": [
   0,
   1
  ],
  "ticks_per_frame": 4
 },
 {
  "atlas_tile": "still_water_grey",
  "flipbook_texture": "textures/blocks/water_still_grey"
 },
 {
  "atlas_tile": "flowing_water_grey",
  "flipbook_texture": "textures/blocks/water_flow_grey"
 },
 {
  "atlas_tile": "cauldron_water",
  "flipbook_texture": "textures/blocks/cauldron_water"
 },
 {
  "atlas_tile": "still_lava",
  "flipbook_texture": "textures/blocks/lava_still",
  "ticks_per_frame": 16
 },
 {
  "atlas_tile": "flowing_lava",
  "flipbook_texture": "textures/blocks/lava_flow",
  "ticks_per_frame": 16
 },
 {
  "atlas_tile": "magma",
  "flipbook_texture": "textures/blocks/magma",
  "ticks_per_frame": 8
 },
 {
  "atlas_tile": "bubble_column_outer",
  "atlas_index": 0,
  "atlas_tile_variant": 0,
  "flipbook_texture": "textures/blocks/bubble_column_outer_a"
 },
 {
    "atlas_tile": "bubble_column_outer",
    "atlas_index": 1,
    "atlas_tile_variant": 1,
    "flipbook_texture": "textures/blocks/bubble_column_outer_a"
   },
   {
    "atlas_tile": "bubble_column_outer",
    "atlas_index": 2,
    "atlas_tile_variant": 2,
    "flipbook_texture": "textures/blocks/bubble_column_outer_a"
   },
   {
    "atlas_tile": "bubble_column_outer",
    "atlas_index": 3,
    "atlas_tile_variant": 3,
    "flipbook_texture": "textures/blocks/bubble_column_outer_a"
   },
   {
    "atlas_tile": "bubble_column_outer",
    "atlas_index": 4,
    "atlas_tile_variant": 4,
    "flipbook_texture": "textures/blocks/bubble_column_outer_a"
   },
   {
    "atlas_tile": "bubble_column_outer",
    "atlas_index": 5,
    "atlas_tile_variant": 5,
    "flipbook_texture": "textures/blocks/bubble_column_outer_a"
   },
   {
    "atlas_tile": "bubble_column_outer",
    "atlas_index": 6,
    "atlas_tile_variant": 6,
    "flipbook_texture": "textures/blocks/bubble_column_outer_a"
   },
   {
    "atlas_tile": "bubble_column_outer",
    "atlas_index": 7,
    "atlas_tile_variant": 7,
    "flipbook_texture": "textures/blocks/bubble_column_outer_a"
   },
   {
    "atlas_tile": "bubble_column_up_top",
    "atlas_index": 0,
    "atlas_tile_variant": 0,
    "flipbook_texture": "textures/blocks/bubble_column_down_top_a"
   },
   {
    "atlas_tile": "bubble_column_up_top",
    "atlas_index": 1,
    "atlas_tile_variant": 1,
    "flipbook_texture": "textures/blocks/bubble_column_down_top_a"
   },
   {
    "atlas_tile": "bubble_column_up_top",
    "atlas_index": 2,
    "atlas_tile_variant": 2,
    "flipbook_texture": "textures/blocks/bubble_column_down_top_a"
   },
   {
    "atlas_tile": "bubble_column_up_top",
    "atlas_index": 3,
    "atlas_tile_variant": 3,
    "flipbook_texture": "textures/blocks/bubble_column_down_top_a"
   },
 {
  "atlas_tile": "bubble_column_down_top",
  "atlas_index": 0,
  "atlas_tile_variant": 0,
  "flipbook_texture": "textures/blocks/bubble_column_down_top_a"
 },
 {
    "atlas_tile": "bubble_column_down_top",
    "atlas_index": 1,
    "atlas_tile_variant": 1,
    "flipbook_texture": "textures/blocks/bubble_column_down_top_a"
   },
   {
    "atlas_tile": "bubble_column_down_top",
    "atlas_index": 2,
    "atlas_tile_variant": 2,
    "flipbook_texture": "textures/blocks/bubble_column_down_top_a"
   },
   {
    "atlas_tile": "bubble_column_down_top",
    "atlas_index": 3,
    "atlas_tile_variant": 3,
    "flipbook_texture": "textures/blocks/bubble_column_down_top_a"
   },
 {
  "atlas_tile": "bubble_column_mid",
  "atlas_index": 0,
  "atlas_tile_variant": 0,
  "flipbook_texture": "textures/blocks/bubble_column_inner_a"
 },
 {
    "atlas_tile": "bubble_column_mid",
    "atlas_index": 1,
    "atlas_tile_variant": 1,
    "flipbook_texture": "textures/blocks/bubble_column_inner_a"
   },
   {
    "flipbook_texture": "textures/blocks/bubble_column_up_top_a",
    "atlas_index": 0,
    "atlas_tile_variant": 0,
    "atlas_tile": "bubble_column_up_top"
  },
  {
    "flipbook_texture": "textures/blocks/bubble_column_up_top_a",
    "atlas_index": 1,
    "atlas_tile_variant": 1,
    "atlas_tile": "bubble_column_up_top"
  },
  {
    "flipbook_texture": "textures/blocks/bubble_column_up_top_a",
    "atlas_index": 2,
    "atlas_tile_variant": 2,
    "atlas_tile": "bubble_column_up_top"
  },
  {
    "flipbook_texture": "textures/blocks/bubble_column_up_top_a",
    "atlas_index": 3,
    "atlas_tile_variant": 3,
    "atlas_tile": "bubble_column_up_top"
  },
 {
  "atlas_tile": "kelp_a",
  "flipbook_texture": "textures/blocks/kelp_a",
  "ticks_per_frame": 4
 },
 {
  "atlas_tile": "kelp_b",
  "flipbook_texture": "textures/blocks/kelp_a",
  "ticks_per_frame": 4
 },
 {
  "atlas_tile": "kelp_c",
  "flipbook_texture": "textures/blocks/kelp_a",
  "ticks_per_frame": 4
 },
 {
  "atlas_tile": "kelp_d",
  "flipbook_texture": "textures/blocks/kelp_a",
  "ticks_per_frame": 4
 },
 {
  "atlas_tile": "kelp_top",
  "flipbook_texture": "textures/blocks/kelp_top",
  "ticks_per_frame": 4
 },
 {
  "atlas_tile": "kelp_top_bulb",
  "flipbook_texture": "textures/blocks/kelp_top",
  "ticks_per_frame": 4
 },
 {
  "atlas_tile": "prismarine",
  "flipbook_texture": "textures/blocks/prismarine_rough",
  "ticks_per_frame": 8
 },
 {
  "atlas_tile": "portal",
  "flipbook_texture": "textures/blocks/portal",
  "ticks_per_frame": 10
 },
 {
  "atlas_tile": "sea_lantern",
  "flipbook_texture": "textures/blocks/sea_lantern",
  "ticks_per_frame": 8
 },
 {
  "atlas_tile": "command_block_front",
  "flipbook_texture": "textures/blocks/command_block_front"
 },
 {
  "atlas_tile": "command_block_back",
  "flipbook_texture": "textures/blocks/command_block_back"
 },
 {
  "atlas_tile": "command_block_side",
  "flipbook_texture": "textures/blocks/command_block_side"
 },
 {
  "atlas_tile": "command_block_conditional_side",
  "flipbook_texture": "textures/blocks/command_block_conditional"
 },
 {
  "atlas_tile": "command_block_repeating_front",
  "flipbook_texture": "textures/blocks/repeating_command_block_front"
 },
 {
  "atlas_tile": "command_block_repeating_back",
  "flipbook_texture": "textures/blocks/repeating_command_block_back"
 },
 {
  "atlas_tile": "command_block_repeating_side",
  "flipbook_texture": "textures/blocks/repeating_command_block_side"
 },
 {
  "atlas_tile": "command_block_repeating_conditional_side",
  "flipbook_texture": "textures/blocks/repeating_command_block_conditional"
 },
 {
  "atlas_tile": "command_block_chain_front",
  "flipbook_texture": "textures/blocks/chain_command_block_front"
 },
 {
  "atlas_tile": "command_block_chain_back",
  "flipbook_texture": "textures/blocks/chain_command_block_back"
 },
 {
  "atlas_tile": "command_block_chain_side",
  "flipbook_texture": "textures/blocks/chain_command_block_side"
 },
 {
  "atlas_tile": "seagrass_short",
  "flipbook_texture": "textures/blocks/seagrass"
 },
 {
  "atlas_tile": "seagrass_tall_bot_a",
  "flipbook_texture": "textures/blocks/seagrass_doubletall_bottom_a",
  "ticks_per_frame": 3
 },
 {
  "atlas_tile": "seagrass_tall_bot_b",
  "flipbook_texture": "textures/blocks/seagrass_doubletall_bottom_a",
  "ticks_per_frame": 3
 },
 {
  "atlas_tile": "seagrass_tall_top_a",
  "flipbook_texture": "textures/blocks/seagrass_doubletall_top_a",
  "ticks_per_frame": 3
 },
 {
  "atlas_tile": "seagrass_tall_top_b",
  "flipbook_texture": "textures/blocks/seagrass_doubletall_top_a",
  "ticks_per_frame": 3
 },
 {
  "atlas_tile": "command_block_chain_conditional_side",
  "flipbook_texture": "textures/blocks/chain_command_block_conditional"
 },
 {
    "atlas_tile": "furnace_front_on",
    "flipbook_texture": "textures/blocks/furnace_front_on",
    "ticks_per_frame": 2
   },
 {
  "atlas_tile": "blast_furnace_front_on",
  "flipbook_texture": "textures/blocks/blast_furnace_front_on",
  "ticks_per_frame": 2
 },
 {
  "atlas_tile": "smoker_front_on",
  "flipbook_texture": "textures/blocks/smoker_front_on",
  "ticks_per_frame": 2
 },
 {
  "atlas_tile": "campfire_fire",
  "flipbook_texture": "textures/blocks/campfire",
  "ticks_per_frame": 8
 },
 {
  "atlas_tile": "campfire_log_lit",
  "flipbook_texture": "textures/blocks/campfire_log_lit",
  "ticks_per_frame": 8
 },
 {
  "atlas_tile": "crimson_log_side",
  "flipbook_texture": "textures/blocks/huge_fungus/crimson_log_side",
  "ticks_per_frame": 8
 },
 {
  "atlas_tile": "warped_stem_side",
  "flipbook_texture": "textures/blocks/huge_fungus/warped_stem_side",
  "ticks_per_frame": 8
 },
 {
  "atlas_tile": "soul_fire_0",
  "flipbook_texture": "textures/blocks/soul_fire_0",
  "ticks_per_frame": 8
 },
 {
  "atlas_tile": "soul_fire_1",
  "flipbook_texture": "textures/blocks/soul_fire_1",
  "ticks_per_frame": 8
 },
 {
  "atlas_tile": "soul_campfire_fire",
  "flipbook_texture": "textures/blocks/soul_campfire",
  "ticks_per_frame": 8
 },
 {
  "atlas_tile": "soul_campfire_log_lit",
  "flipbook_texture": "textures/blocks/soul_campfire_log_lit",
  "ticks_per_frame": 8
 }
]