{
 "resource_pack_name": "Veda_Pack_Texture",
 "texture_data": {
  "record_11": {
   "textures": "Bima"
  },
  "record_13": {
   "textures": "Rick"
  },
  "record_5": {
   "textures": "Hengker Disc"
  },
  "record_blocks": {
   "textures": "Factory"
  },
  "record_cat": {
   "textures": "Boku"
  },
  "record_chirp": {
   "textures": "aku"
  },
  "record_wait": {
   "textures": "I Need More Bullets"
  },
  "record_ward": {
   "textures": "sanguan"
  },
  "record_mellohi": {
   "textures": "kuru"
  },
  "bread": {
      "textures": "textures/Regginang"
    },
  "iron_sword": {
   "textures": "halilintar"
  }
 },
 "texture_name": "atlas.items"
}