{
 "num_mip_levels": 1,
 "padding": 8,
 "resource_pack_name": "Veda_Pack_Texture",
 "texture_data": {
  "bed_bottom": {
   "textures": "textures/blocks/grass_top"
  },
  "bubble_column_down_top": {
   "textures": [
    "textures/blocks/bubble_column_down_top_a",
    "textures/blocks/bubble_column_down_top_a",
    "textures/blocks/bubble_column_down_top_a",
    "textures/blocks/bubble_column_down_top_a"
   ]
  },
  "bubble_column_mid": {
   "textures": [
    "textures/blocks/bubble_column_inner_a",
    "textures/blocks/bubble_column_inner_a",
    "textures/blocks/bubble_column_inner_a",
    "textures/blocks/bubble_column_inner_a"
   ]
  },
  "bubble_column_outer": {
   "textures": [
    "textures/blocks/bubble_column_outer_a",
    "textures/blocks/bubble_column_outer_a",
    "textures/blocks/bubble_column_outer_a",
    "textures/blocks/bubble_column_outer_a"
   ]
  },
  "bubble_column_up_top": {
   "textures": [
    "textures/blocks/bubble_column_up_top_a",
    "textures/blocks/bubble_column_up_top_a",
    "textures/blocks/bubble_column_up_top_a",
    "textures/blocks/bubble_column_up_top_a"
   ]
  },
  "cactus_bottom": {
   "textures": "textures/blocks/grass_top"
  },
  "kelp_a": {
   "textures": "textures/blocks/kelp_a"
  },
  "kelp_b": {
   "textures": "textures/blocks/kelp_a"
  },
  "kelp_c": {
   "textures": "textures/blocks/kelp_a"
  },
  "kelp_d": {
   "textures": "textures/blocks/kelp_a"
  },
  "seagrass_tall_bot_a": {
   "textures": "textures/blocks/seagrass_doubletall_bottom_a"
  },
  "seagrass_tall_bot_b": {
   "textures": "textures/blocks/seagrass_doubletall_bottom_a"
  },
  "seagrass_tall_top_a": {
   "textures": "textures/blocks/seagrass_doubletall_top_a"
  },
  "seagrass_tall_top_b": {
   "textures": "textures/blocks/seagrass_doubletall_top_a"
  },
  "still_water_grey": {
   "textures": "textures/blocks/water_still"
  }
 },
 "texture_name": "atlas.terrain"
}