{
	"format_version": "1.10.0",
	"geometry.creeper": {
		"texturewidth": 56,
		"textureheight": 45,
		"visible_bounds_width": 3,
		"visible_bounds_height": 3.25,
		"visible_bounds_offset": [0, 1.375, 0],
		"bones": [
			{
				"name": "body",
				"pivot": [0, 0, 0],
				"cubes": [
					{"origin": [-4, 6, -2], "size": [8, 12, 4], "uv": [16, 16]}
				]
			},
			{
				"name": "head",
				"pivot": [0, 18, 0],
				"cubes": [
					{"origin": [-4, 18, -4], "size": [8, 8, 8], "uv": [0, 0]}
				]
			},
			{
				"name": "mulut",
				"parent": "head",
				"pivot": [0, 22, -4],
				"cubes": [
					{"origin": [-14, 15, -4], "size": [28, 14, 0], "uv": [0, 31]}
				]
			},
			{
				"name": "leg0",
				"pivot": [-2, 6, 4],
				"cubes": [
					{"origin": [-4, 0, 2], "size": [4, 6, 4], "uv": [0, 16]}
				]
			},
			{
				"name": "leg1",
				"pivot": [2, 6, 4],
				"cubes": [
					{"origin": [0, 0, 2], "size": [4, 6, 4], "uv": [0, 16]}
				]
			},
			{
				"name": "leg2",
				"pivot": [-2, 6, -4],
				"cubes": [
					{"origin": [-4, 0, -6], "size": [4, 6, 4], "uv": [0, 16]}
				]
			},
			{
				"name": "leg3",
				"pivot": [2, 6, -4],
				"cubes": [
					{"origin": [0, 0, -6], "size": [4, 6, 4], "uv": [0, 16]}
				]
			}
		]
	}
}