{
	"format_version": "1.8.0",
	"geometry.enderman.trigger": {
		"texturewidth": 432,
		"textureheight": 207,
		"visible_bounds_width": 24,
		"visible_bounds_height": 14,
		"visible_bounds_offset": [0, 2, 0],
		"bones": [
			{
				"name": "body",
				"pivot": [0, 38, 0],
				"reset": true,
				"cubes": [
					{"origin": [-4, 26, -2], "size": [8, 12, 4], "uv": [32, 16]}
				]
			},
			{
				"name": "head",
				"parent": "body",
				"pivot": [0, 24, 0],
				"cubes": [
					{"origin": [-4, 24, -4], "size": [8, 8, 8], "uv": [0, 0]}
				]
			},
			{
				"name": "hat",
				"parent": "head",
				"pivot": [0, 38, 0],
				"reset": true,
				"cubes": [
					{"origin": [-4, 37.5, -4], "size": [8, 8, 8], "uv": [0, 16], "inflate": -0.5}
				]
			},
			{
				"name": "triggered",
				"parent": "head",
				"pivot": [-41.8, 27, 1.5],
				"rotation": [90, 0, 0],
				"cubes": [
					{"origin": [-184, 27, -102], "size": [368, 0, 207], "uv": [-143, 0]}
				]
			},
			{
				"name": "rightArm",
				"parent": "body",
				"pivot": [-3, 36, 0],
				"reset": true,
				"cubes": [
					{"origin": [-4, 8, -1], "size": [2, 30, 2], "uv": [56, 0]}
				]
			},
			{
				"name": "rightItem",
				"parent": "rightArm",
				"pivot": [-6, 15, 1]
			},
			{
				"name": "leftArm",
				"parent": "body",
				"pivot": [5, 36, 0],
				"reset": true,
				"mirror": true,
				"cubes": [
					{"origin": [4, 8, -1], "size": [2, 30, 2], "uv": [56, 0]}
				]
			},
			{
				"name": "rightLeg",
				"parent": "body",
				"pivot": [-2, 26, 0],
				"reset": true,
				"cubes": [
					{"origin": [-3, -4, -1], "size": [2, 30, 2], "uv": [56, 0]}
				]
			},
			{
				"name": "leftLeg",
				"parent": "body",
				"pivot": [2, 26, 0],
				"reset": true,
				"mirror": true,
				"cubes": [
					{"origin": [1, -4, -1], "size": [2, 30, 2], "uv": [56, 0]}
				]
			}
		]
	}
}