{
	"format_version": "1.8.0",
	"geometry.sheep.sheared.mata": {
		"texturewidth": 64,
		"textureheight": 64,
		"visible_bounds_width": 3,
		"visible_bounds_height": 3.375,
		"visible_bounds_offset": [0, 1.3125, 0],
		"bones": [
			{
				"name": "body",
				"pivot": [0, 19, 2],
				"cubes": [
					{"origin": [-4, 13, -5], "size": [8, 16, 6], "uv": [28, 8]}
				]
			},
			{
				"name": "leg0",
				"parent": "body",
				"pivot": [-3, 12, 7],
				"cubes": [
					{"origin": [-5, 0, 5], "size": [4, 12, 4], "uv": [0, 16]}
				]
			},
			{
				"name": "leg1",
				"parent": "body",
				"pivot": [3, 12, 7],
				"cubes": [
					{"origin": [1, 0, 5], "size": [4, 12, 4], "uv": [0, 16]}
				]
			},
			{
				"name": "leg2",
				"parent": "body",
				"pivot": [-3, 12, -5],
				"cubes": [
					{"origin": [-5, 0, -7], "size": [4, 12, 4], "uv": [0, 16]}
				]
			},
			{
				"name": "leg3",
				"parent": "body",
				"pivot": [3, 12, -5],
				"cubes": [
					{"origin": [1, 0, -7], "size": [4, 12, 4], "uv": [0, 16]}
				]
			},
			{
				"name": "head",
				"pivot": [0, 18, -8],
				"cubes": [
					{"origin": [-3, 16, -14], "size": [6, 6, 8], "uv": [0, 0]}
				],
				"locators": {
					"lead": [0, 18, -8]
				}
			},
			{
				"name": "mata",
				"parent": "head",
				"pivot": [0, 19, -9],
				"cubes": [
					{"origin": [-3, 17, -15], "size": [6, 6, 8], "uv": [0, 0]}
				]
			}
		]
	}
}