{
	"format_version": "1.10.0",
	"geometry.vindicator.v1.8": {
		"texturewidth": 64,
		"textureheight": 64,
		"visible_bounds_width": 3,
		"visible_bounds_height": 3,
		"visible_bounds_offset": [0, 1.5, 0],
		"bones": [
			{
				"name": "body",
				"pivot": [0, 24, 0],
				"cubes": [
					{"origin": [-4, 12, -3], "size": [8, 12, 6], "uv": [16, 20]}
				]
			},
			{
				"name": "head",
				"parent": "body",
				"pivot": [0, 24, 0],
				"cubes": [
					{"origin": [-4, 24, -4], "size": [8, 10, 8], "uv": [0, 0]}
				]
			},
			{
				"name": "nose",
				"parent": "head",
				"pivot": [0, 26, 0],
				"cubes": [
					{"origin": [-1, 23, -6], "size": [2, 4, 2], "uv": [24, 0]}
				]
			},
			{
				"name": "leg0",
				"parent": "body",
				"pivot": [-2, 12, 0],
				"cubes": [
					{"origin": [-4, 0, -2], "size": [4, 12, 4], "uv": [0, 22]}
				]
			},
			{
				"name": "leg1",
				"parent": "body",
				"pivot": [2, 12, 0],
				"mirror": true,
				"cubes": [
					{"origin": [0, 0, -2], "size": [4, 12, 4], "uv": [0, 22]}
				]
			},
			{
				"name": "rightArm",
				"parent": "body",
				"pivot": [-5, 22, 0],
				"cubes": [
					{"origin": [-8, 12, -2], "size": [4, 12, 4], "uv": [40, 46]}
				]
			},
			{
				"name": "rightItem",
				"parent": "rightArm",
				"pivot": [-5.5, 16, 0.5]
			},
			{
				"name": "leftArm",
				"parent": "body",
				"pivot": [5, 22, 0],
				"mirror": true,
				"cubes": [
					{"origin": [4, 12, -2], "size": [4, 12, 4], "uv": [40, 46]}
				]
			},
			{
				"name": "leftItem",
				"parent": "leftArm",
				"pivot": [6, 15, 1]
			}
		]
	}
}