{
	"format_version": "1.8.0",
	"geometry.witherBoss.armor": {
		"texturewidth": 64,
		"textureheight": 64,
		"visible_bounds_width": 4,
		"visible_bounds_height": 4,
		"visible_bounds_offset": [0, 2, 0],
		"bones": [
			{
				"name": "upperBodyPart1",
				"pivot": [0, 0, 0]
			},
			{
				"name": "upperBodyPart2",
				"parent": "upperBodyPart1",
				"pivot": [-2, 17.1, -0.5],
				"cubes": [
					{"origin": [-6, 11, -1.5], "size": [12, 9, 4], "uv": [0, 16], "inflate": 2},
					{"origin": [-5, 6, -1.5], "size": [10, 5, 4], "uv": [32, 16], "inflate": 2},
					{"origin": [-2, 5, -1.5], "size": [4, 1, 4], "uv": [24, 0], "inflate": 2},
					{"origin": [-5, 2, -1.5], "size": [10, 1, 4], "uv": [24, 0], "inflate": 2},
					{"origin": [-1.5, 3, -1], "size": [3, 2, 3], "uv": [26, 1]}
				]
			},
			{
				"name": "upperBodyPart3",
				"parent": "upperBodyPart2",
				"pivot": [0, 24, 0]
			},
			{
				"name": "head1",
				"parent": "upperBodyPart1",
				"pivot": [0, 20, 0],
				"cubes": [
					{"origin": [-4, 20, -4], "size": [8, 8, 8], "uv": [0, 0], "inflate": 2},
					{"origin": [-4, 27.5, -11], "size": [8, -4, 3], "uv": [2, 8], "inflate": 2}
				]
			},
			{
				"name": "head2",
				"parent": "upperBodyPart1",
				"pivot": [-9, 18, -1],
				"cubes": [
					{"origin": [-12, 17, -1.5], "size": [6, 3, 4], "uv": [0, 29], "inflate": 2},
					{"origin": [-11, 9, -1.5], "size": [4, 8, 4], "uv": [29, 27], "inflate": 2}
				]
			},
			{
				"name": "bone",
				"parent": "head2",
				"pivot": [-9, 9, 0.5],
				"cubes": [
					{"origin": [-11.25, 7, -1.75], "size": [4.5, 4, 4.5], "uv": [45, 27], "inflate": 2},
					{"origin": [-11, 1, -1.5], "size": [4, 8, 4], "uv": [29, 27], "inflate": 2}
				]
			},
			{
				"name": "head3",
				"parent": "upperBodyPart1",
				"pivot": [9, 18, -1.5],
				"cubes": [
					{"origin": [7, 9, -1.5], "size": [4, 8, 4], "uv": [29, 27], "inflate": 2},
					{"origin": [6, 17, -1.5], "size": [6, 3, 4], "uv": [0, 29], "inflate": 2, "mirror": true}
				]
			},
			{
				"name": "bone2",
				"parent": "head3",
				"pivot": [9, 9, 0.5],
				"cubes": [
					{"origin": [6.75, 7, -1.75], "size": [4.5, 4, 4.5], "uv": [45, 27], "inflate": 2},
					{"origin": [7, 1, -1.5], "size": [4, 8, 4], "uv": [29, 27], "inflate": 2}
				]
			}
		]
	}
}