{
  "format_version": "1.8.0",//TERIMAKASIH BANG KIZUU UDAH NGAJARIN :3
  "render_controllers": {
    "controller.render.villager_v2_emissive": { // Emissive Part
    "arrays": {
        "textures": {
          "Array.emissive": [
            "Texture.mata",// MATA HIJAU DEFAULT
            "Texture.chingchenghanji",//CHING CHENG HANJI
            "Texture.mata2",//ambafish
            "Texture.mata3",//stepherd
            "Texture.mata4",//flecther
            "Texture.ilmuhitam",//ILHAM ILMU HITAM
            "Texture.matasmk",//SMKNYASAR
            "Texture.jubahglowing",//CLERIC
            "Texture.mata5",//ARMOR
            "Texture.antumbirahi",//ANTUM BIRAHI SAMA ANIME?
            "Texture.mata6",//TOOLS
            "Texture.mata7",//BUTCHER
            "Texture.mata8",//PERAJIN KULIT
            "Texture.mata9",//TUKANG BATU BATUAN
            "Texture.cabul"//PENGANGGURAN CABUL BERKULIT HITAM BERAK DICELANA BERBIBIR BESAR HIDUNG ICA
          ]
        }
      },
      "geometry": "Geometry.villager_v2_emissive",
      "materials": [ { "*": "Material.emissive" } ],
      "textures": [
        "Array.emissive[variable.profession_index]"
      ],
      "ignore_lighting": true
    }
  }
}
