{
	"format_version": "1.16.0",
	"animations": {
		"animation.ambalabu.pov": {
			"loop": true,
			"bones": {
				"kakikanan": {
					"rotation": [15, 5, -65],
					"position": [1, 0, 0]
				},
				"kakikiri": {
					"rotation": [-15, -5, -65],
					"position": [1, 0, 0]
				},
				"badan": {
					"rotation": [
						48.5,
						"c.item_slot=='main_hand'?230:-405 && c.item_slot=='off_hand'?230:-405",
						"c.item_slot=='main_hand'?152:-247.5 && c.item_slot=='off_hand'?152:-247.5"
					],
					"position": [-5.5, 15, -5.5],
					"scale": 0.2
				},
				"tangankiri": {
					"rotation": [-25, -15, -5],
					"position": [1, -1, 1]
				},
				"tangankanan": {
					"rotation": [25, 15, -5],
					"position": [1, -1, -1]
				},
				"kepala": {
					"position": [1, -1, 0]
				},
				"kupingkanan": {
					"rotation": [10, 0, 0]
				},
				"kupingkiri": {
					"rotation": [-10, 0, 0]
				},
				"muka": {
					"position": [0.9, -18.01, 24],
					"scale": 0.095
				}
			}
		},
		"animation.ambalabu.ptp": {
			"loop": true,
			"bones": {
				"kakikanan": {
					"rotation": [15, 5, -65],
					"position": [1, 0, 0]
				},
				"kakikiri": {
					"rotation": [-15, -5, -65],
					"position": [1, 0, 0]
				},
				"badan": {
					"rotation": [-274, "c.item_slot=='main_hand'?10:-10 && c.item_slot=='off_hand'?10:-10", -90],
					"position": ["c.item_slot=='main_hand'?-1 && c.item_slot=='off_hand'?1", 9, -3.7],
					"scale": 0.2
				},
				"tangankiri": {
					"rotation": [-25, -15, -5],
					"position": [1, -1, 1]
				},
				"tangankanan": {
					"rotation": [25, 15, -5],
					"position": [1, -1, -1]
				},
				"kepala": {
					"position": [1, -1, 0]
				},
				"kupingkanan": {
					"rotation": [10, 0, 0]
				},
				"kupingkiri": {
					"rotation": [-10, 0, 0]
				},
				"muka": {
					"position": [0.9, -18.01, 24],
					"scale": 0.095
				}
			}
		}
	}
}