{
	"format_version": "1.16.0",
	"animations": {
		"animation.ambalabu.pov": {
			"loop": true,
			"bones": {
				"kakikanan": {
					"rotation": [15, 5, -65],
					"position": [1, 0, 0]
				},
				"kakikiri": {
					"rotation": [-15, -5, -65],
					"position": [1, 0, 0]
				},
				"badan": {
					"rotation": [
						"c.item_slot== 'off_hand' ? -1.0 : 31.0",
						"c.item_slot== 'off_hand' ? 62.0 : 18.0",
						"c.item_slot== 'off_hand' ? -1.0 : -120.0"
					],
					"position": [
						"c.item_slot== 'off_hand' ? -27.3 : 2.3",
						"c.item_slot== 'off_hand' ? 12.4 : 5.0",
						"c.item_slot== 'off_hand' ? 22.4 : 8.4"
					],
					"scale": 0.4
				},
				"tangankiri": {
					"rotation": [-25, -15, -5],
					"position": [1, -1, 1]
				},
				"tangankanan": {
					"rotation": [25, 15, -5],
					"position": [1, -1, -1]
				},
				"kepala": {
					"position": [1, -1, 0]
				},
				"kupingkanan": {
					"rotation": [10, 0, 0]
				},
				"kupingkiri": {
					"rotation": [-10, 0, 0]
				},
				"muka": {
					"position": [0.9, -18.01, 24],
					"scale": 0.095
				}
			}
		},
		"animation.ambalabu.ptp": {
			"loop": true,
			"bones": {
				"kakikanan": {
					"rotation": [15, 5, -65],
					"position": [1, 0, 0]
				},
				"kakikiri": {
					"rotation": [-15, -5, -65],
					"position": [1, 0, 0]
				},
				"badan": {
					"rotation": [
						"c.item_slot== 'off_hand' ? -266 : -274",
						10,
						-90
					],
					"position": [
						"c.item_slot== 'off_hand' ? -1 : 0",
						9,
						-3.7
					],
					"scale": 0.2
				},
				"tangankiri": {
					"rotation": [-25, -15, -5],
					"position": [1, -1, 1]
				},
				"tangankanan": {
					"rotation": [25, 15, -5],
					"position": [1, -1, -1]
				},
				"kepala": {
					"position": [1, -1, 0]
				},
				"kupingkanan": {
					"rotation": [10, 0, 0]
				},
				"kupingkiri": {
					"rotation": [-10, 0, 0]
				},
				"muka": {
					"position": [0.9, -18.01, 24],
					"scale": 0.095
				}
			}
		}
	}
}