{
	"format_version": "1.8.0",
	"animations": {
		"animation.creeper.mulut": {
			"loop": true,
			"bones": {
				"mulut": {
					"position": [0, -2, -0.1],
					"scale": 0.285
				}
			},
			"sound_effects": {
				"0.0": {
					"effect": "kriper.hehe"
				}
			}
		},
		"animation.creeper.legs": {
			"loop": true,
			"bones": {
				"leg0": {
					"rotation": ["variable.leg_rot - this", 0, 0]
				},
				"leg1": {
					"rotation": ["-variable.leg_rot - this", 0, 0]
				},
				"leg2": {
					"rotation": ["-variable.leg_rot - this", 0, 0]
				},
				"leg3": {
					"rotation": ["variable.leg_rot - this", 0, 0]
				},
				"mulut": {
					"position": [0, -2, -0.1],
					"scale": 0.285
				}
			}
		},
		"animation.creeper.swelling": {
			"loop": true,
			"bones": {
				"body": {
					"scale": ["variable.swelling_scale1", "variable.swelling_scale2", "variable.swelling_scale1"]
				},
				"head": {
					"scale": ["variable.swelling_scale1", "variable.swelling_scale2", "variable.swelling_scale1"]
				},
				"leg0": {
					"scale": ["variable.swelling_scale1", "variable.swelling_scale2", "variable.swelling_scale1"]
				},
				"leg1": {
					"scale": ["variable.swelling_scale1", "variable.swelling_scale2", "variable.swelling_scale1"]
				},
				"leg2": {
					"scale": ["variable.swelling_scale1", "variable.swelling_scale2", "variable.swelling_scale1"]
				},
				"leg3": {
					"scale": ["variable.swelling_scale1", "variable.swelling_scale2", "variable.swelling_scale1"]
				}
			}
		}
	}
}