{
	"format_version": "1.8.0",
	"animations": {
		"animation.vindicator.hand_attack": {
			"loop": true,
			"bones": {
				"leftArm": {
					"rotation": [
						"query.is_riding ? 0.0 : ((math.cos(query.life_time * 20.0 * 10.89) * 28.65) + (math.sin(variable.attack_time * 180.0) * 68.76 - (math.sin((1.0 - (1.0 - variable.attack_time) * (1.0 - variable.attack_time)) * 180.0)) * 22.92))",
						0,
						0
					],
					"position": [0, 0, 2]
				},
				"rightArm": {
					"rotation": [
						"10+(-108 + math.cos(query.life_time * 20.0 * 3.84) * 2.87) + (math.sin(variable.attack_time * 180.0) * 126.05 - (math.sin((1.0 - (1.0 - variable.attack_time) * (1.0 - variable.attack_time)) * 180.0)) * 22.92)",
						0,
						0
					],
					"position": [0, 0, -3]
				},
				"body": {
					"rotation": [0, -15, 0],
					"position": [0, 0, -3]
				},
				"leg0": {
					"rotation": [-7.5, 0, 0],
					"position": [0, 0, -1]
				},
				"leg1": {
					"rotation": [7.5, 0, 0],
					"position": [0, 0, 1]
				}
			}
		},
		"animation.vindicator.base": {
			"loop": true,
			"bones": {
				"leftArm": {
					"rotation": ["math.cos(query.life_time * 20.0 * 3.84) * 2.87", -9, "-1 * (math.cos(query.life_time * 20.0 * 5.16) * 2.87 + 2.87)"]
				},
				"rightArm": {
					"rotation": ["math.cos(query.life_time * 20.0 * 3.84) * 2.87", 9, "math.cos(query.life_time * 20.0 * 5.16) * 2.87 + 2.87"]
				},
				"rightItem": {
					"scale": "query.is_angry ? 1.0 : 0.0"
				},
				"leftItem": {
					"scale": "query.is_angry ? 1.0 : 0.0"
				},
				"leg0": {
					"rotation": [0, 2.5, 2.5]
				},
				"leg1": {
					"rotation": [0, -2.5, -2.5]
				}
			}
		},
		"animation.vindicator.riding.arms": {
			"loop": true,
			"bones": {
				"leftArm": {
					"rotation": [-36, 0, 0]
				}
			}
		},
		"animation.vindicator.riding.legs": {
			"loop": true,
			"bones": {
				"leg0": {
					"rotation": ["-117.3669 - this", "22.7293 - this", "-15.1569-this"]
				},
				"leg1": {
					"rotation": ["-114.5 - this", "-18 - this", "-this"]
				},
				"body": {
					"rotation": [27.5, 0, 0]
				},
				"head": {
					"rotation": [-30, 0, 0]
				},
				"rightArm": {
					"rotation": [-77.5, 0, 0]
				},
				"leftArm": {
					"rotation": [-77.5, 0, 0]
				}
			}
		},
		"animation.vindicator.walk": {
			"loop": true,
			"bones": {
				"leg0": {
					"rotation": ["(math.cos(query.modified_distance_moved * 38.17) * 80.21) * query.modified_move_speed * 0.5", 0, 0]
				},
				"leg1": {
					"rotation": ["(math.cos(query.modified_distance_moved * 38.17 + 180) * 80.21) * query.modified_move_speed * 0.5", 0, 0]
				}
			}
		}
	}
}